{"**metrics": {"*ACERTOS_POSITIVOS": "0.8207639569049952 (1676/2042)",
  "ACCURACY": 0.7051909892262488,
  "AUC": 0.7051909892262488,
  "F1": 0.70119988293825,
  "F1_MACRO": 0.70119988293825,
  "F1_MICRO": 0.7051909892262488,
  "FALSE_NEGATIVE": 366,
  "FALSE_POSITIVE": 838,
  "FP_RATE": 0.4103819784524976,
  "KAPPA": 0.4103819784524976,
  "NEG_PRED_VALUE": 0.7668789808917198,
  "POS_PRED_VALUE": 0.6666666666666666,
  "PRECISION": 0.6666666666666666,
  "RECALL": 0.8207639569049952,
  "SENSITIVITY": 0.8207639569049952,
  "SPECIFICITY": 0.5896180215475024,
  "TRUE_NEGATIVE": 1204,
  "TRUE_POSITIVE": 1676},
 "*params": {"amsgrad": True,
  "batch_size": 100,
  "drop_prob": 0.3,
  "earlyStopping": True,
  "early_stopping_metric": "val_loss",
  "embedding_size": 100,
  "epochs": 100,
  "lr": 0.00101423,
  "max_epochs_no_improve": 10,
  "print_every": 50,
  "vocab_size": 7938,
  "weight_decay": 0.002051},
 "model": DeepClassifier(
   (embeddings): Embedding(7938, 100)
   (fc): Sequential(
     (0): Sequential(
       (0): Linear(in_features=100, out_features=50, bias=True)
       (1): ReLU()
     )
     (1): Sequential(
       (0): Linear(in_features=50, out_features=50, bias=True)
       (1): ReLU()
     )
   )
   (fc_out): Sequential(
     (0): Dropout(p=0.3, inplace=False)
     (1): Linear(in_features=50, out_features=1, bias=True)
   )
 )}